obsnme,obsval
fa_hw_20170913,-207.80364590000002
fa_tw_20170913,-12.324782332666667
hds_00_013_002_621,35.433280944824205
part_time,547.2424
part_status,2.0
