name,prior_mean,prior_stdev,prior_lower_bound,prior_upper_bound,post_mean,post_stdev,post_lower_bound,post_upper_bound
FA_HW_20171001,43.1961,545.391,-1047.59,1133.98,43.1961,181.075,-318.954,405.346
FA_TW_20171001,516.806,544.801,-572.796,1606.41,516.806,159.317,198.172,835.44
HDS_00_013_002_021,34.856,0.305244,34.2456,35.4665,34.856,0.171868,34.5123,35.1998
PART_STATUS,2,0,2,2,2,0,2,2
PART_TIME,283.911,88.2008,107.509,460.312,283.911,68.0424,147.826,419.995
